date	type	name	moving_time_hours	distance_km	elevation_m	descr
`2024-01-01T13:08:02Z`	`Run`	`Afternoon Run`	`1.27H`	`15.1km`	`50.0m`	`Kickstarted the new year!

Ho perso il passo che avevo un mesetto fa, ma con un passo lento ho retto decentemente i 15 km. `
`2024-01-01T19:09:57Z`	`WeightTraining`	`Weight training: l-sit pull-up progression, chest, triceps`	`1.67H`	`0.0km`	`0m`	`L-sit pull-up (day #7 progression): bodyweight x 10 reps x 10 sets
Australian pull-up: bodyweight x 10 reps x 10 sets
Resistance band chest fly: red band (25kg) x 15 reps x 3 sets
DB decline bench press: 26.5kg x 8 reps x 4 sets
DB 30deg bench press: 22.5kg x 10 reps x 4 sets
EZ bar tricep superset: skull crusher above head + regular + close grip press: 20kg x 21 reps x 3 sets
`
`2024-01-02T17:48:38Z`	`WeightTraining`	`Weight training: l-sit pull-up progression, biceps, back`	`1.13H`	`0.0km`	`0m`	`L-sit pull-up (day #8 progression): bodyweight x 10 reps x 7 sets
Australian pull-up: bodyweight x 10 reps x 7 sets
EZ bar curl: 30kg x failure reps x 5 sets
Superset: DB curl + Hammer curl : 12kg x failure reps x 5 sets
`
`2024-01-03T18:40:56Z`	`WeightTraining`	`Weight training: l-sit pull-up progression, shoulders, legs, abs`	`1.7H`	`0.0km`	`0m`	`L-sit pull-up (day #9 progression): bodyweight x 10 reps x 10 sets
Australian pull-up: bodyweight x 10 reps x 5 sets
DB Zanetti press: 8kg x 21 reps x 3 sets
Lateral raise: 10kg x 10 reps x 3 sets
Plyometric vertical jump: bodyweight x 25 reps x 3 sets
Bulgarian split squat: bodyweight+16kg x 10 reps x 3 sets
Calf raise: bodyweight+14kg x 15 reps x 4 sets
Plank: bodyweight x 60s reps x 3 sets
`
`2024-01-04T12:31:06Z`	`Run`	`Lunch Run`	`0.78H`	`10.1km`	`60.0m`	`Revamped the "10km in 49min" workout in my Garmin that I created back in Oct 2023, and smashed it!

Good pace, lightweight legs, great feelings. On my way to get fit again.`
`2024-01-05T18:43:32Z`	`WeightTraining`	`Weight training: l-sit pull-up progression, triceps, chest, cali`	`1.77H`	`0.0km`	`0m`	`L-sit pull-up (day #10 progression): bodyweight x 10 reps x 10 sets
Australian pull-up: bodyweight x 10 reps x 8 sets
DB tricep kickback: 10kg x 10 reps x 3 sets
Tricep dip parallels: bodyweight x 10 reps x 4 sets
DB decline bench press: 26.5kg x 8 reps x 3 sets
DB 30deg bench press: 22.5kg x 10 reps x 3 sets
Piked shoulder taps: bodyweight x 30 reps x 3 sets
`
`2024-01-06T09:04:47Z`	`Run`	`Mezza sul Brembo`	`1.67H`	`21.3km`	`99.0m`	`https://www.runnersbergamo.it/mezza-sul-brembo/

Buona la seconda parte. Ancora un po' troppa fatica, per√≤ ho gi√† fatto un notevole miglioramento rispetto a settimana scorsa.

Dolorino al soleo destro dopo la fine della corsa, speriamo sia solo un piccolo affaticamento.`
`2024-01-07T19:20:06Z`	`WeightTraining`	`Weight training: l-sit pull-up progression, biceps, back, shoulders`	`1.46H`	`0.0km`	`0m`	`L-sit pull-up (day #11 progression): bodyweight x 10 reps x 10 sets
Australian pull-up: bodyweight x 10 reps x 8 sets
EZ bar curl: 30kg x failure reps x 4 sets
Superset: DB curl + Hammer curl : 12kg x failure reps x 4 sets
Resistance band lateral raise: marine blue band (15kg) x 10 reps x 4 sets
`
`2024-01-08T18:03:11Z`	`WeightTraining`	`Weight training: l-sit pull-up progression, chest, triceps, legs`	`1.66H`	`0.0km`	`0m`	`L-sit pull-up (day #12 progression): bodyweight+2kg x 10 reps x 7 sets
Australian pull-up: bodyweight+2kg x 10 reps x 7 sets
DB decline bench press: 26.5kg x 8 reps x 4 sets
DB 30deg bench press: 22.5kg x 10 reps x 4 sets
Plyometric vertical jump: bodyweight x 25 reps x 4 sets
Bulgarian split squat: bodyweight+18kg x 10 reps x 3 sets
Split soleus raise: bodyweight x 20 reps x 3 sets
EZ bar tricep superset: skull crusher above head + regular + close grip press: 20kg x 21 reps x 3 sets
`
`2024-01-10T13:03:24Z`	`Run`	`Afternoon Run`	`0.79H`	`10.0km`	`29.0m`	`Workou "10km in 45min" sul Garmin.`
`2024-01-10T19:14:11Z`	`WeightTraining`	`Weight training: l-sit pull-up progression, biceps, back`	`1.57H`	`0.0km`	`0m`	`L-sit pull-up (day #13 progression): bodyweight+5kg x 10 reps x 10 sets
Australian pull-up: bodyweight+5kg x 10 reps x 7 sets
Preacher curl: 12kg x 10 reps x 3 sets
EZ bar curl: 30kg x failure reps x 3 sets
Superset: DB curl + Hammer curl : 12kg x failure reps x 3 sets
EZ bar row: 40kg x 20 reps x 4 sets
`
`2024-01-12T09:54:38Z`	`Snowboard`	`Morning Snowboard`	`1.99H`	`29.2km`	`3248.7m`	`Non ho gestito bene l'orologio e quindi non ha tracciato tutte le discese.`
`2024-01-12T18:40:02Z`	`WeightTraining`	`Weight training: l-sit pull-up progression, shoulders, legs, abs`	`1.34H`	`0.0km`	`0m`	`L-sit pull-up (day #14 progression): bodyweight+5kg x 10 reps x 10 sets
Australian pull-up: bodyweight+5kg x 10 reps x 7 sets
DB Zanetti press: 9kg x 21 reps x 3 sets
Lateral raise: 9kg x 10 reps x 3 sets
Bulgarian split squat: bodyweight+18kg x 10 reps x 3 sets
Calf raise: bodyweight+14kg x 15 reps x 5 sets
`
`2024-01-13T19:09:57Z`	`WeightTraining`	`Weight training: l-sit pull-up progression, biceps, triceps`	`1.39H`	`0.0km`	`0m`	`L-sit pull-up (day #15 progression): bodyweight+5kg x 10 reps x 9 sets
Australian pull-up: bodyweight+5kg x 10 reps x 5 sets
Preacher curl: 12kg x 10 reps x 3 sets
EZ bar curl: 30kg x failure reps x 4 sets
Resistance band tricep pull-down: red band (25kg) x 15 reps x 3 sets
Tricep dip parallels: bodyweight x 10 reps x 3 sets
`
`2024-01-14T09:03:43Z`	`Run`	`Passeggiando Sui Colli di Bergamo`	`1.69H`	`18.3km`	`403.0m`	`https://www.calendariopodismo.it/gara/65456/23-passeggiando-sui-colli-di-bergamo

Bel giro, tante belle salite e discese sui colli che ho fatto tante volte in bici.  Male la prima e ultima parte per√≤, in Malpensata, perch√® abbiamo corso tra le macchine. Dalla Maplensata siamo saliti dalle mura fino alla Marianna poi a San Vigilio. Quindi riscesi fino alla Marianna e gi√π ad Astino. Poi saliti da Astino fino alla Marianna ancora e infine scesi alla Malpensata.

Dura la partenza perch√® mi sono scaldato di fretta. Dopo 3.5 km avevo i solei durissimi e mi sono fermato a fare stretching e piano piano si sono sbloccati. Poi su a San Vigilio ho fatto ancora stretching e da li ho sentito le gambe molto meglio. I 400 m di dislivello li ho sentiti!`
`2024-01-15T18:22:15Z`	`WeightTraining`	`Weight training: l-sit pull-up progression, chest, triceps, legs`	`1.95H`	`0.0km`	`0m`	`L-sit pull-up (day #16 progression): bodyweight+5kg x 10 reps x 10 sets
Australian pull-up: bodyweight+5kg x 10 reps x 8 sets
DB bench chest fly: 12kg x 15 reps x 3 sets
DB decline bench press: 26.5kg x 9 reps x 4 sets
DB 30deg bench press: 22.5kg x 10 reps x 4 sets
Resistance band tricep pull-down: red band (25kg) x 15 reps x 3 sets
Tricep dip parallels: bodyweight x 10 reps x 3 sets
Plyometric vertical jump: bodyweight x 25 reps x 3 sets
Calf raise: bodyweight+14kg x 20 reps x 3 sets
`
`2024-01-16T12:13:59Z`	`Run`	`Lunch Run`	`0.8H`	`10.0km`	`33.0m`	`Male, troppa fatica. E la tendinite √® tornata.`
`2024-01-17T18:58:18Z`	`WeightTraining`	`Weight training: l-sit pull-up progression, shoulders, legs, abs`	`1.78H`	`0.0km`	`0m`	`L-sit pull-up (day #17 progression): bodyweight+5kg x 10 reps x 10 sets
Australian pull-up: bodyweight+5kg x 10 reps x 7 sets
DB Zanetti press: 9kg x 21 reps x 3 sets
Lateral raise: 9kg x 10 reps x 3 sets
Shoulder press: 12kg x 8 reps x 3 sets
Plyometric vertical jump: bodyweight x 25 reps x 3 sets
Calf raise: bodyweight x 20 reps x 3 sets
Plank: bodyweight x 60s reps x 2 sets
Abs HIIT 7min: bodyweight x 7min reps x 1 sets
`
`2024-01-18T19:20:56Z`	`BackcountrySki`	`Evening Backcountry Snowboard`	`1.07H`	`5.1km`	`463.0m`	``
`2024-01-19T22:20:04Z`	`WeightTraining`	`Weight training: l-sit pull-up progression, triceps, chest, cali`	`1.58H`	`0.0km`	`0m`	`L-sit pull-up (day #18 progression): bodyweight+5kg x 10 reps x 10 sets
Australian pull-up: bodyweight+5kg x 10 reps x 8 sets
Resistance band tricep pull-down: red band (25kg) x 15 reps x 3 sets
EZ bar tricep superset: skull crusher above head + regular + close grip press: 20kg x 21 reps x 3 sets
DB decline bench press: 26.5kg x 9 reps x 4 sets
Pike push-up: bodyweight x 10 reps x 3 sets
`
`2024-01-20T11:18:23Z`	`Snowshoe`	`Lunch Snowshoe`	`1.42H`	`5.6km`	`357.0m`	`Piani dell'Avaro. La parte circolare √® un giro ad anello, ma ho acceso il GPS in ritardo.`
`2024-01-20T22:48:37Z`	`WeightTraining`	`Weight training: l-sit pull-up progression, biceps`	`0.9H`	`0.0km`	`0m`	`L-sit pull-up (day #19 progression): bodyweight+5kg x 10 reps x 7 sets
Australian pull-up: bodyweight+5kg x 10 reps x 6 sets
Preacher curl: 12kg x 10 reps x 3 sets
EZ bar curl: 30kg x failure reps x 3 sets
`
`2024-01-21T09:43:52Z`	`Run`	`Corri con Energia, Cornate d'Adda`	`2.5H`	`27.5km`	`148.0m`	`https://www.corriconenergia.it

Lungo lento. Tendinite quasi assente durante la corsa finalmente üòâ, ma un po' di dolore a fine corsa.`
`2024-01-22T10:34:03Z`	`Snowshoe`	`Morning Snowshoe`	`2.5H`	`7.4km`	`546.0m`	`None`
`2024-01-24T17:19:05Z`	`WeightTraining`	`Weight training: l-sit pull-up progression, chest`	`0.64H`	`0.0km`	`0m`	`L-sit pull-up (day #20 progression): bodyweight x 10 reps x 10 sets
Australian pull-up: bodyweight x 10 reps x 5 sets
Cable chest fly: ? x 10 reps x 5 sets
`
`2024-01-25T11:03:53Z`	`WeightTraining`	`Weight training: l-sit pull-up progression, biceps`	`0.92H`	`0.0km`	`0m`	`L-sit pull-up (day #21 progression): bodyweight x 10 reps x 10 sets
Cable chest fly: ? x 10 reps x 5 sets
Preacher curl: 10kg x 8 reps x 4 sets
`
`2024-01-25T12:14:55Z`	`Run`	`Lunch Run`	`0.4H`	`3.4km`	`102.0m`	`Corsa sulla neve per testare le nuove scarpe. Scarpe ottime. 

Per√≤ sono caduto e stortato l'anulare della mano sinistra, che ho rimesso dritto subito tirandolo. Adesso √® gonfio.`
`2024-01-26T10:20:42Z`	`Snowboard`	`Morning Snowboard`	`2.35H`	`50.0km`	`4067.2m`	``
`2024-01-27T17:01:28Z`	`Run`	`Dobbiaco Winter Night Run`	`1.01H`	`11.9km`	`150.0m`	`https://www.winternightrun.it/

Trail serale sulla neve. Bellissimo.`
`2024-01-31T11:22:00Z`	`Run`	`Lunch Run`	`0.79H`	`10.0km`	`26.0m`	`Ultima corsa per qualche settimana temo, perch√® tra 2 giorni mi operano all'anulare rotto della mano sinistra. Peccato perch√® stavo ritrovando una buona condizione e domenica prossima avrei partecipato alla Bergamo21.

Leggera tendinite su entrambe le gambe.`
`2024-02-01T16:53:42Z`	`WeightTraining`	`Weight training: chest`	`4.12H`	`0.0km`	`0m`	`Resistance band chest fly: red band (25kg) x 20 reps x 3 sets
Push-up: bodyweight x 15 reps x 3 sets

Note: broken finger, the surgery is due tomorrow.`
`2024-02-05T17:06:35Z`	`WeightTraining`	`Weight training: broken finger, shoulders, legs`	`1.52H`	`0.0km`	`0m`	`Finger rehab: 10 reps x 13 sets
Resistance band front raise: marine blue band (15kg) x 15 reps x 5 sets
Resistance band lateral raise: marine blue band (15kg) x 15 reps x 5 sets
Resistance band psoas march: red band (25kg) x 10 reps x 5 sets
Seated leg lift: 20 reps x 5 sets
`
`2024-02-06T18:20:32Z`	`WeightTraining`	`Weight training: broken finger, abs, triceps, legs`	`1.99H`	`0.0km`	`0m`	`Finger rehab: 15 reps x 20 sets
Decline crunch: bodyweight x 15 reps x 5 sets
Russian twist: 40 reps x 5 sets
V-hold: 30s reps x 5 sets
Resistance band tricep pull-down: red band (25kg) x 15 reps x 5 sets
Bulgarian split squat: bodyweight+16kg x 10 reps x 5 sets
Split soleus raise: bodyweight x 20 reps x 4 sets
`
`2024-02-07T18:02:39Z`	`WeightTraining`	`Weight training: broken finger, back, biceps`	`1.89H`	`0.0km`	`0m`	`Finger rehab: 15 reps x 25 sets
Seated resistance band row: red band (25kg) x 25 reps x 5 sets
Resistance band row (and DB row with right arm): red band (25kg) x 15 reps x 5 sets
Resistance band curl (and DB curl with right arm): red band (25kg) x 15 reps x 4 sets
Resistance band hammer curl (and hammer curl with right arm): red band (25kg) x 15 reps x 4 sets
`
`2024-02-08T18:24:46Z`	`WeightTraining`	`Weight training: broken finger, chest, legs`	`1.96H`	`0.0km`	`0m`	`Finger rehab: 15 reps x 25 sets
Resistance band chest fly: red band (25kg) x 20 reps x 4 sets
Resistance band bench press (and DB bench press with right arm): 22.5kg x 10 reps x 4 sets
Resistance band standing fly: red band (25kg) x 15 reps x 3 sets
Resistance band psoas march: red band (25kg)+marine blue band (15kg) x 20 reps x 3 sets
Seated leg lift: 20 reps x 3 sets
`
`2024-02-09T18:24:19Z`	`WeightTraining`	`Weight training: broken finger, abs, shoulders`	`1.16H`	`0.0km`	`0m`	`Finger rehab: 15 reps x 23 sets
Decline crunch: bodyweight x 15 reps x 5 sets
Russian twist: 40 reps x 5 sets
V-hold: 30s reps x 5 sets
Resistance band front raise: marine blue band (15kg) x 15 reps x 4 sets
Resistance band lateral raise: marine blue band (15kg) x 15 reps x 4 sets
`
`2024-02-10T18:53:54Z`	`WeightTraining`	`Weight training: broken finger, back`	`0.59H`	`0.0km`	`0m`	`Finger rehab: 20 reps x 13 sets
Seated resistance band row: red band (25kg) x 25 reps x 5 sets
Resistance band row (and DB row with right arm): red band (25kg) x 15 reps x 5 sets
`
`2024-02-11T17:58:20Z`	`WeightTraining`	`Weight training: broken finger, legs`	`1.13H`	`0.0km`	`0m`	`Finger rehab: 20 reps x 20 sets
Resistance band psoas march: red band (25kg)+marine blue band (15kg) x 20 reps x 4 sets
Seated leg lift: 20 reps x 4 sets
Bulgarian split squat: bodyweight+16kg x 10 reps x 4 sets
Calf raise: bodyweight+16kg x 20 reps x 4 sets
`
`2024-02-12T18:49:25Z`	`WeightTraining`	`Weight training: broken finger, chest, triceps`	`1.52H`	`0.0km`	`0m`	`Finger rehab: 20 reps x 20 sets
Resistance band chest fly: red band (25kg) x 20 reps x 5 sets
Resistance band bench press (and DB bench press with right arm): 22.5kg x 10 reps x 5 sets
Resistance band tricep pull-down: red band (25kg) x 15 reps x 5 sets
Bench dip: bodyweight x 20 reps x 5 sets
`
`2024-02-13T17:10:24Z`	`Run`	`Afternoon Run`	`0.79H`	`10.0km`	`30.0m`	`Prima corsa dopo 13 giorni di stop per il dito della mano rotto. Ora ho i punti che rimuover√≤ tra un paio di giorni.

Bene come fatica e fiato, passo leggero, avrei potuto continuare ancora con quel passo. In questi 13 giorni ho fatto allenamenti coi pesi sulle gambe, pi√π intensamente del solito, forse mi ha fatto bene. Per√≤ nella prima met√† avevo i solei durissimi e mi sono dovuto fermare 2 volte per fare stretching.`
`2024-02-14T18:28:30Z`	`WeightTraining`	`Weight training: broken finger, back, biceps, abs`	`1.62H`	`0.0km`	`0m`	`Finger rehab: 20 reps x 11 sets
Seated resistance band row: red band (25kg) x 25 reps x 5 sets
Resistance band row: red band (25kg) x 20 reps x 5 sets
Resistance band curl: red band (25kg) x 20 reps x 5 sets
Resistance band hammer curl: red band (25kg) x 15 reps x 5 sets
Incline bench reverse crunch: bodyweight x 20 reps x 3 sets
Plank: bodyweight x 60s reps x 3 sets
`
`2024-02-15T17:24:12Z`	`WeightTraining`	`Weight training: broken finger, triceps, chest, shoulders`	`1.56H`	`0.0km`	`0m`	`Finger rehab: 20 reps x 9 sets
Resistance band tricep pull-down: red band (25kg) x 15 reps x 5 sets
Bench dip: bodyweight x 20 reps x 5 sets
Resistance band chest fly: red band (25kg) x 20 reps x 5 sets
Resistance band bench press: red band (25kg) x 15 reps x 5 sets
Resistance band front raise: marine blue band (15kg) x 15 reps x 4 sets
Resistance band lateral raise: marine blue band (15kg) x 15 reps x 3 sets
`
`2024-02-16T18:38:15Z`	`WeightTraining`	`Weight training: broken finger, biceps progression`	`0.59H`	`0.0km`	`0m`	`Finger rehab: 20 reps x 7 sets
Resistance band curl (day #1 biceps progression): red band+marine blue band (25+15kg) x 20 reps x 5 sets
Resistance band hammer curl: red band+marine blue band (25+15kg) x 20 reps x 5 sets
`
`2024-02-17T18:29:14Z`	`WeightTraining`	`Weight training: broken finger, biceps progression, back, shoulders`	`1.4H`	`0.0km`	`0m`	`Finger rehab: 20 reps x 12 sets
Resistance band curl (day #2 biceps progression): red band+marine blue band (25+15kg) x 20 reps x 5 sets
Resistance band hammer curl: red band+marine blue band (25+15kg) x 20 reps x 4 sets
Seated resistance band row: red band (25kg) x 25 reps x 5 sets
Australian pull-up: bodyweight x 15 reps x 4 sets
Resistance band front raise: marine blue band (15kg) x 15 reps x 4 sets
Resistance band lateral raise: marine blue band (15kg) x 15 reps x 4 sets
`
`2024-02-18T08:45:58Z`	`Run`	`La Padelada Arcene`	`1.64H`	`20.0km`	`36.0m`	`https://runningforum.it/viewtopic.php?t=63672

Non correvo un lungo da 17 giorni a causa dell'infortunio al dito. √à andata abbastanza bene, soprattutto i secondi 10 km. Sono partito piano senza riscaldamento e al km 4.5 mi sono fermato a fare stretching ai solei durissimi.

Gambe leggere, ho fatto un po' di fatica solo gli ultimi 3 km, quando ho cercato di tenere il passo del 4:30. Buona forma.

Percorso un po' monotono, tra stradine di paese e campi coltivati.`
`2024-02-19T17:52:25Z`	`WeightTraining`	`Weight training: broken finger, biceps progression, chest, triceps`	`1.96H`	`0.0km`	`0m`	`Finger rehab: 20 reps x 2 sets
Resistance band curl (day #3 biceps progression): red band+marine blue band (25+15kg) x 20 reps x 4 sets
Resistance band hammer curl: red band+marine blue band (25+15kg) x 20 reps x 4 sets
Resistance band chest fly: red band (25kg) x 20 reps x 5 sets
Resistance band bench press: red band (25kg) x 15 reps x 5 sets
Resistance band tricep pull-down: red band (25kg) x 20 reps x 5 sets
Bench dip: bodyweight x 15 reps x 5 sets
`
`2024-02-20T18:05:54Z`	`WeightTraining`	`Weight training: broken finger, biceps progression, back, legs`	`1.68H`	`0.0km`	`0m`	`Finger rehab: 20 reps x 18 sets
Resistance band curl (day #4 biceps progression): red band+marine blue band (25+15kg) x 20 reps x 4 sets
Resistance band hammer curl: red band+marine blue band (25+15kg) x 20 reps x 5 sets
Seated resistance band row: red band (25kg) x 25 reps x 4 sets
Australian pull-up: bodyweight x 15 reps x 4 sets
Resistance band psoas march: red band+marine blue band (25+15kg) x 20 reps x 4 sets
Seated leg lift: 20 reps x 4 sets
Bulgarian split squat: bodyweight+19kg x 10 reps x 3 sets
`
`2024-02-21T18:18:26Z`	`WeightTraining`	`Weight training: broken finger, biceps progression, shoulders, abs`	`1.71H`	`0.0km`	`0m`	`Finger rehab: 20 reps x 14 sets
Resistance band curl (day #5 biceps progression): red band+marine blue band (25+15kg) x 20 reps x 4 sets
Resistance band hammer curl: red band+marine blue band (25+15kg) x 20 reps x 4 sets
Resistance band front raise: marine blue band (15kg) x 15 reps x 5 sets
Resistance band lateral raise: marine blue band (15kg) x 15 reps x 5 sets
Bicycle Kicks: 30 reps x 3 sets
V-hold: 35s reps x 3 sets
Calf raise: bodyweight+19kg x 20 reps x 3 sets
`
`2024-02-23T16:08:25Z`	`WeightTraining`	`Weight training: broken finger, biceps progression, triceps, chest`	`1.33H`	`0.0km`	`0m`	`Finger rehab: 20 reps x 10 sets
Resistance band curl (day #6 biceps progression): red band+marine blue band (25+15kg) x 20 reps x 4 sets
Resistance band hammer curl: red band+marine blue band (25+15kg) x 20 reps x 4 sets
Resistance band tricep pull-down: red band (25kg) x 20 reps x 5 sets
Bench dip: bodyweight x 15 reps x 4 sets
Resistance band chest fly: red band (25kg) x 20 reps x 4 sets
Resistance band bench press: red band (25kg) x 15 reps x 4 sets
`
`2024-02-23T17:46:31Z`	`Run`	`Afternoon Run`	`0.57H`	`7.3km`	`23.0m`	`Tutto bene, ma mi sono dovuto fermare al km 3.70 per fare stretching ai solei durissimi. Bene gli ultimi 3 km quando ho cercato di stare sotto i 4:30.

Sono uscito di ven perch√® aspettavo che la pioggia abbassasse l'inquinamento nell'aria. E ho scontato un paio di km perch√® tra un gg e mezzo avr√≤ la mezza maratona di Treviglio.`
`2024-02-24T17:58:32Z`	`WeightTraining`	`Weight training: broken finger, biceps progression, back, shoulders`	`1.7H`	`0.0km`	`0m`	`Finger rehab: 20 reps x 14 sets
Resistance band curl (day #7 biceps progression): bands (25+15kg) x 20 reps x 4 sets
Resistance band hammer curl: bands (25+15kg) x 20 reps x 3 sets
Resistance band lat pulldown: bands (25+15kg) x 20 reps x 5 sets
Straight arm pushdown: bands (25+15kg) x 20 reps x 5 sets
Behind body resistance band lateral raise: marine blue band (15kg) x 15 reps x 5 sets
Resistance band front raise: marine blue band (15kg) x 10 reps x 4 sets
`
`2024-02-25T08:59:15Z`	`Run`	`Riscaldamento pre-maratonina di Treviglio`	`0.44H`	`4.4km`	`11.0m`	`Ho fatto un buon riscaldamento e mi son fermato un paio di volte a fare stretching, durante il riscaldamento: sembra aver funzionato bene per prevenire la tendinite. Sembra che la lunghezza ideale per il mio riscaldamento sia 2-4 Km.`
`2024-02-25T09:31:44Z`	`Run`	`Maratonina di Treviglio`	`1.69H`	`21.3km`	`48.0m`	`https://www.maratoninatreviglio.it

Passo migliorato rispetto al fine sett precedente (era 4:55), forse anche grazie al percorso pi√π veloce e al fatto che era una gara. Bel passo nei km centrali, per√≤ ho sofferto un po' troppo gli ultimi 5 km con gambe lente e pesanti. Avrei preso volentieri pi√π gel, magari nelle prossime corse me ne porto di pi√π.

Ho fatto un buon riscaldamento di 4+ km e mi son fermato un paio di volte a fare stretching, durante il riscaldamento: sembra aver funzionato bene per prevenire la tendinite.

Ho corso la prima met√† con Jari che era infortunato alla schiena.`
`2024-02-26T18:24:14Z`	`WeightTraining`	`Weight training: broken finger, biceps progression, chest, triceps`	`1.64H`	`0.0km`	`0m`	`Finger rehab: 20 reps x 9 sets
Resistance band curl (day #8 biceps progression): bands (25+15kg) x 20 reps x 5 sets
Resistance band hammer curl: bands (25+15kg) x 20 reps x 4 sets
Resistance band chest fly: bands (25+15kg) x 20 reps x 5 sets
Push-up: bodyweight x 15 reps x 4 sets
Resistance band tricep pull-down: red band (25kg) x 20 reps x 5 sets
Bench dip: bodyweight x 20 reps x 4 sets
`
`2024-02-27T17:54:19Z`	`WeightTraining`	`Weight training: broken finger, biceps progression, back, legs`	`1.69H`	`0.0km`	`0m`	`Finger rehab: 20 reps x 11 sets
Resistance band curl (day #9 biceps progression): bands (25+15kg) x 20 reps x 5 sets
Resistance band hammer curl: bands (25+15kg) x 20 reps x 5 sets
Resistance band lat pulldown: bands (25+15kg) x 20 reps x 3 sets
Seated resistance band row: red band (25kg) x 25 reps x 3 sets
Australian pull-up: bodyweight x 15 reps x 3 sets
Resistance band psoas march: bands (25+15kg) x 20 reps x 3 sets
Seated leg lift: 25 reps x 3 sets
Bulgarian split squat: bodyweight+19kg x 10 reps x 3 sets
`
`2024-02-28T18:30:35Z`	`WeightTraining`	`Weight training: broken finger, biceps progression, shoulders, abs`	`1.43H`	`0.0km`	`0m`	`Finger rehab: 20 reps x 7 sets
Resistance band curl (day #10 biceps progression): bands (25+15kg) x 20 reps x 4 sets
Resistance band hammer curl: bands (25+15kg) x 20 reps x 4 sets
Behind body resistance band lateral raise: marine blue band (15kg) x 15 reps x 5 sets
Seated resistance band shoulder press: red band (25kg) x 15 reps x 4 sets
Bicycle Kicks: 40 reps x 4 sets
Incline bench reverse crunch: bodyweight x 10 reps x 4 sets
`
`2024-03-01T16:32:19Z`	`Run`	`Afternoon Run`	`0.77H`	`10.0km`	`28.0m`	`Buon allenamento: ho alternato passo veloce e lento senza misurare tempi ne distanze. Poca fatica, buone sensazioni.`
`2024-03-01T18:22:25Z`	`WeightTraining`	`Weight training: broken finger, biceps progression, triceps, chest, abs`	`1.58H`	`0.0km`	`0m`	`Finger rehab: 20 reps x 1 sets
Resistance band curl (day #11 biceps progression): bands (25+15kg) x 20 reps x 4 sets
Resistance band hammer curl: bands (25+15kg) x 20 reps x 4 sets
Overhead resistance band tricep extension: red band (25kg) x 20 reps x 4 sets
Resistance band tricep pull-down: red band (25kg) x 20 reps x 4 sets
Resistance band chest fly: bands (25+15kg) x 20 reps x 4 sets
Push-up: bodyweight x 15 reps x 4 sets
Abs HIIT 7min: bodyweight x 7min reps x 1 sets
`
`2024-03-03T09:26:56Z`	`Run`	`Riscaldamento pre-mezza maratona di Lecco`	`0.3H`	`3.2km`	`24.0m`	`Dal parcheggio al ritiro pettorale, poi tornato alla macchina e poi di nuovo alla partenza. Ho acceso l'orologio tardi, mancano 1.5 km.`
`2024-03-03T10:01:24Z`	`Run`	`Mezza maratona di Lecco`	`1.65H`	`21.4km`	`49.0m`	`https://spartacusevents.com/maratoninacittadilecco/

Buon tempo, passo migliorato rispetto alla mezza di settimana scorsa (4:45). Forse ho corso un po' troppo veloce (sotto i 4:30) nei km 5-10 quando mi sentivo bene, ma poi le gambe sono diventate molto pesanti.

Bene anche la tendinite, solo un fastidio leggero nella parte finale. Il riscaldamento di 4.5 km probabilmente ha aiutato.

Nota: i dati della frequenza cardiaca sono sballati perch√® la fascia mi si √® staccata 2 volte e la seconda volta, intorno al km 4, non l'ho riattaccata.`
`2024-03-04T10:47:30Z`	`Snowshoe`	`Ciaspolata`	`1.89H`	`6.0km`	`355.0m`	``
`2024-03-04T19:07:29Z`	`WeightTraining`	`Weight training: broken finger, biceps progression, chest, triceps`	`1.58H`	`0.0km`	`0m`	`Finger rehab: 20 reps x 1 sets
Resistance band curl (day #12 biceps progression): bands (25+15kg) x 20 reps x 4 sets
Resistance band hammer curl: bands (25+15kg) x 20 reps x 4 sets
Resistance band chest fly: bands (25+15kg) x 20 reps x 4 sets
Resistance band bench press: bands (25+15kg) x 20 reps x 4 sets
Overhead resistance band tricep extension: red band (25kg) x 20 reps x 4 sets
Resistance band tricep pull-down: red band (25kg) x 20 reps x 4 sets
`
`2024-03-05T18:35:09Z`	`WeightTraining`	`Weight training: broken finger, biceps progression, back, abs`	`1.39H`	`0.0km`	`0m`	`Finger rehab: 20 reps x 11 sets
Resistance band curl (day #13 biceps progression): bands (25+15kg) x 20 reps x 5 sets
Resistance band hammer curl: bands (25+15kg) x 20 reps x 4 sets
Resistance band lat pulldown: bands (25+15kg) x 20 reps x 3 sets
Seated resistance band row: red band (25kg) x 25 reps x 3 sets
Australian pull-up: bodyweight x 15 reps x 3 sets
Decline crunch: bodyweight x 15 reps x 4 sets
Incline bench reverse crunch: bodyweight x 10 reps x 3 sets
`
`2024-03-06T19:05:44Z`	`WeightTraining`	`Weight training: broken finger, biceps progression, shoulders, legs`	`1.74H`	`0.0km`	`0m`	`Finger rehab: 20 reps x 1 sets
Resistance band curl (day #14 biceps progression): bands (25+15kg) x 20 reps x 4 sets
Resistance band hammer curl: bands (25+15kg) x 20 reps x 4 sets
Resistance band high pull: marine blue band (15kg) x 18 reps x 5 sets
Resistance band bent-over pulls: marine blue band (15kg) x 10 reps x 5 sets
Resistance band psoas march: bands (25+15kg) x 20 reps x 4 sets
Seated leg lift: 25 reps x 3 sets
Bulgarian split squat: bodyweight+19kg x 10 reps x 3 sets
`
`2024-03-07T12:39:37Z`	`Run`	`Lunch Run`	`0.78H`	`10.0km`	`33.0m`	`None`
`2024-03-08T18:30:45Z`	`WeightTraining`	`Weight training: broken finger, biceps progression, triceps, chest, abs`	`2.29H`	`0.0km`	`0m`	`Finger rehab: 20 reps x 1 sets
Resistance band curl (day #15 biceps progression): bands (25+15kg) x 20 reps x 4 sets
Resistance band hammer curl: bands (25+15kg) x 20 reps x 4 sets
Tricep dip parallels: bodyweight x 15 reps x 4 sets
Resistance band tricep pull-down: red band (25kg) x 15 reps x 4 sets
Resistance band chest fly: bands (25+15kg) x 20 reps x 3 sets
Resistance band bench press: bands (25+15kg) x 20 reps x 3 sets
Push-up: bodyweight x 15 reps x 3 sets
Decline crunch: bodyweight x 25 reps x 4 sets
Incline bench reverse crunch: bodyweight x 10 reps x 4 sets
`
`2024-03-09T18:50:18Z`	`WeightTraining`	`Weight training: broken finger, biceps progression, back, shoulders`	`1.52H`	`0.0km`	`0m`	`Finger rehab: 20 reps x 5 sets
Resistance band curl (day #16 biceps progression): bands (25+15kg) x 20 reps x 3 sets
Resistance band hammer curl: bands (25+15kg) x 20 reps x 3 sets
Australian pull-up: bodyweight x 15 reps x 5 sets
Seated resistance band row: bands (25+15kg) x 25 reps x 3 sets
Resistance band lat pulldown: bands (25+15kg) x 20 reps x 3 sets
Behind body resistance band lateral raise: marine blue band (15kg) x 15 reps x 4 sets
Resistance band high pull: marine blue band (15kg) x 18 reps x 4 sets
`
`2024-03-11T12:04:55Z`	`Run`	`Lunch Run`	`1.51H`	`18.0km`	`59.0m`	`Gambe pesanti, allora ho fatto un lungo lento.`
`2024-03-12T19:02:52Z`	`WeightTraining`	`Weight training: broken finger, biceps progression, chest, back, legs`	`1.74H`	`0.0km`	`0m`	`Finger rehab: 20 reps x 1 sets
Resistance band curl (day #17 biceps progression): bands (25+15kg) x 20 reps x 3 sets
Resistance band hammer curl: bands (25+15kg) x 20 reps x 3 sets
Resistance band chest fly: bands (25+15kg) x 15 reps x 3 sets
DB decline bench press: 22.5kg x 13 reps x 3 sets
Parallel bar chest dip: 10 reps x 3 sets
Australian pull-up: bodyweight x 15 reps x 4 sets
Seated resistance band row: bands (25+15kg) x 25 reps x 4 sets
Seated leg lift: 25 reps x 3 sets
Bulgarian split squat: bodyweight+22kg x 10 reps x 3 sets
`
`2024-03-13T18:54:18Z`	`WeightTraining`	`Weight training: broken finger, biceps progression, shoulders, abs`	`1.25H`	`0.0km`	`0m`	`Finger rehab: 20 reps x 1 sets
Resistance band curl (day #18 biceps progression): bands (25+15kg) x 20 reps x 4 sets
Resistance band hammer curl: bands (25+15kg) x 20 reps x 3 sets
Behind body resistance band lateral raise: marine blue band (15kg) x 20 reps x 4 sets
Resistance band high pull: marine blue band (15kg) x 15 reps x 4 sets
Parallel bar leg tuck: bodyweight x 10 reps x 4 sets
Parallel bar bicycle: bodyweight x 25 reps x 4 sets
`
`2024-03-14T17:14:32Z`	`Run`	`Afternoon Run`	`0.78H`	`10.1km`	`30.0m`	`Workout "10km in 45min" sul Garmin. Buon passo, ho spinto bene negli intervalli veloci. Con un po' di riscaldamento e stretching la tendinite √® quasi sparita.`
date	type	name	moving_time_hours	distance_km	elevation_m	descr
`2024-03-16T18:16:27Z`	`WeightTraining`	`Weight training: broken finger, biceps progression, chest, back`	`2.2H`	`0.0km`	`0m`	`Finger rehab: 20 reps x 1 sets
Resistance band curl (day #19 biceps progression): bands (25+15kg) x 20 reps x 4 sets
Resistance band hammer curl: bands (25+15kg) x 20 reps x 4 sets
Resistance band chest fly: bands (25+15kg) x 20 reps x 3 sets
EZ bar decline bench press: 40kg x 15 reps x 3 sets
Parallel bar chest dip: 10 reps x 3 sets
Australian pull-up: bodyweight x 15 reps x 3 sets
Seated resistance band row: bands (25+15kg) x 25 reps x 3 sets
Resistance band lat pulldown: bands (25+15kg) x 20 reps x 3 sets
`
`2024-03-17T18:16:47Z`	`WeightTraining`	`Weight training: broken finger, biceps progression, shoulders, triceps`	`1.41H`	`0.0km`	`0m`	`Finger rehab: 20 reps x 7 sets
DB 30deg face-up curl (day #20 biceps progression): 12kg x 15 reps x 4 sets
Hammer curl: 14kg x 15 reps x 4 sets
Behind body resistance band lateral raise: marine blue band (15kg) x 20 reps x 4 sets
Resistance band high pull: marine blue band (15kg) x 15 reps x 4 sets
Parallel bar tricep dip: bodyweight x 15 reps x 4 sets
Resistance band tricep pull-down: red band (25kg) x 15 reps x 4 sets
`
`2024-03-18T19:07:00Z`	`WeightTraining`	`Weight training: broken finger, biceps progression, chest, abs`	`1.32H`	`0.0km`	`0m`	`Finger rehab: 20 reps x 1 sets
DB 30deg face-up curl (day #21 biceps progression): 12kg x 15 reps x 3 sets
Hammer curl: 14kg x 15 reps x 3 sets
DB decline bench press: 22.5kg x 13 reps x 3 sets
DB 30deg bench press: 22.5kg x 8 reps x 3 sets
Lean-forward push-up: bodyweight x 10 reps x 3 sets
Parallel bar leg raise: bodyweight x 10 reps x 3 sets
Decline crunch: bodyweight x 25 reps x 3 sets
`
`2024-03-19T16:27:01Z`	`WeightTraining`	`Weight training: back`	`0.69H`	`0.0km`	`0m`	`Australian pull-up: bodyweight x 10 reps x 7 sets
Pull-up: bodyweight x 8 reps x 7 sets
`
`2024-03-20T18:19:16Z`	`WeightTraining`	`Weight training: biceps progression, shoulders, abs`	`1.6H`	`0.0km`	`0m`	`Hammer curl (day #22 biceps progression): 14kg x 15 reps x 3 sets
EZ bar curl: 28kg x 10 reps x 3 sets
DB curl: 12kg x 15 reps x 3 sets
Behind body resistance band lateral raise: marine blue band (15kg) x 20 reps x 3 sets
Resistance band high pull: marine blue band (15kg) x 18 reps x 3 sets
DB Zanetti press: 8kg x 21 reps x 3 sets
Resistance band crunch: black band (60kg) x 15 reps x 3 sets
Decline crunch: bodyweight x 25 reps x 4 sets
`
`2024-03-21T18:21:36Z`	`WeightTraining`	`Weight training: calisthenics`	`0.92H`	`0.0km`	`0m`	`Pike push-up: bodyweight x 10 reps x 4 sets
Piked shoulder taps: bodyweight x 30 reps x 4 sets
Frog hold: bodyweight x 30s reps x 3 sets
Parallel bar L-sit hold: bodyweight x 30s reps x 5 sets
Lean-forward push-up: bodyweight x 10 reps x 3 sets
`
`2024-03-22T10:06:49Z`	`Ride`	`Morning Ride`	`1.39H`	`17.0km`	`424.0m`	`None`
`2024-03-22T19:17:52Z`	`WeightTraining`	`Weight training: biceps progression, triceps, chest, abs`	`1.74H`	`0.0km`	`0m`	`Hammer curl (day #23 biceps progression): 14kg x 15 reps x 3 sets
EZ bar curl: 28kg x 10 reps x 3 sets
DB 30deg face-up curl: 12kg x 15 reps x 3 sets
Parallel bar tricep dip: bodyweight x 15 reps x 4 sets
Resistance band tricep pull-down: red band (25kg) x 15 reps x 4 sets
DB decline bench press: 22.5kg x 13 reps x 3 sets
DB 30deg bench press: 22.5kg x 8 reps x 3 sets
Resistance band crunch: black band (60kg) x 15 reps x 3 sets
Parallel bar leg raise: bodyweight x 10 reps x 3 sets
`
`2024-03-23T18:20:45Z`	`WeightTraining`	`Weight training: biceps progression, back, shoulders`	`1.96H`	`0.0km`	`0m`	`Hammer curl (day #24 biceps progression): 14kg x 15 reps x 3 sets
EZ bar curl: 28kg x 10 reps x 3 sets
DB 30deg face-up curl: 10kg x 15 reps x 3 sets
Australian pull-up: bodyweight x 10 reps x 5 sets
Pull-up: bodyweight x 8 reps x 6 sets
EZ bar row: 40kg x 20 reps x 4 sets
Lateral raise: 10kg x 10 reps x 3 sets
Seated shoulder press: 12kg x 13 reps x 4 sets
`
`2024-03-24T18:34:08Z`	`WeightTraining`	`Weight training: calisthenics`	`0.93H`	`0.0km`	`0m`	`Lean-forward push-up: bodyweight x 10 reps x 3 sets
Frog hold: bodyweight x 30s reps x 3 sets
Pike push-up: bodyweight x 10 reps x 3 sets
Piked shoulder taps: bodyweight x 30 reps x 3 sets
Seated leg lift: 25 reps x 3 sets
`
`2024-03-25T18:08:23Z`	`WeightTraining`	`Weight training: biceps progression, chest, triceps`	`2.38H`	`0.0km`	`0m`	`Hammer curl (day #25 biceps progression): 14kg x 15 reps x 3 sets
EZ bar curl: 28kg x 10 reps x 3 sets
L-sit chin-up: bodyweight x 10 reps x 5 sets
DB decline bench press: 26.5kg x 13 reps x 4 sets
DB 30deg bench press: 22.5kg x 8 reps x 3 sets
Resistance band chest fly: bands (25+15kg) x 20 reps x 3 sets
Resistance band tricep pull-down: red band (25kg) x 15 reps x 3 sets
Parallel bar tricep dip: bodyweight x 15 reps x 3 sets
Knee extensions: bodyweight x 20 reps x 3 sets
Iliotibial band stretch: bodyweight x 30s reps x 3 sets
Half squat: bodyweight x 20 reps x 3 sets
`
`2024-03-26T18:59:24Z`	`WeightTraining`	`Weight training: biceps progression, back, legs`	`2.0H`	`0.0km`	`0m`	`Hammer curl (day #26 biceps progression): 14kg x 15 reps x 3 sets
EZ bar curl: 30kg x 13 reps x 3 sets
DB 30deg face-up curl: 12kg x 10 reps x 3 sets
Australian pull-up: bodyweight x 10 reps x 6 sets
Pull-up: bodyweight x 8 reps x 5 sets
EZ bar row: 40kg x 20 reps x 3 sets
Calf raise: bodyweight x 20 reps x 3 sets
Knee extensions: bodyweight x 20 reps x 3 sets
Iliotibial band stretch: bodyweight x 30s reps x 3 sets
Half squat: bodyweight x 20 reps x 3 sets
`
`2024-03-27T18:14:45Z`	`WeightTraining`	`Weight training: shoulders, chest, abs, legs`	`2.02H`	`0.0km`	`0m`	`Resistance band high pull: marine blue band (15kg) x 18 reps x 3 sets
Lateral raise + resistance band drop set: 10kg x 10 reps x 3 sets
Seated shoulder press: 12kg x 13 reps x 3 sets
DB decline bench press: 26.5kg x 13 reps x 4 sets
DB 30deg bench press: 22.5kg x 8 reps x 3 sets
Resistance band crunch: black band (60kg) x 20 reps x 3 sets
Decline crunch: bodyweight+5kg x 15 reps x 4 sets
Knee extensions: bodyweight x 20 reps x 3 sets
Squat: 16kg x 20 reps x 5 sets
Seated leg lift: 25 reps x 3 sets
Iliotibial band stretch: bodyweight x 30s reps x 3 sets
`
`2024-03-28T19:05:07Z`	`WeightTraining`	`Weight training: calisthenics, legs`	`1.39H`	`0.0km`	`0m`	`Lean-forward push-up: bodyweight x 10 reps x 7 sets
Frog hold: bodyweight x 30s reps x 4 sets
Pike push-up: bodyweight x 10 reps x 3 sets
Piked shoulder taps: bodyweight x 30 reps x 3 sets
Seated leg lift: 25 reps x 3 sets
Squat: 26kg x 10 reps x 4 sets
Knee extensions: bodyweight x 20 reps x 3 sets
Calf raise: bodyweight+12kg x 20 reps x 3 sets
Iliotibial band stretch: bodyweight x 30s reps x 3 sets
`
`2024-03-29T17:55:09Z`	`WeightTraining`	`Weight training: biceps progression, triceps, chest, legs`	`2.63H`	`0.0km`	`0m`	`Step machine: 10m reps x 3 sets
Squat: 30kg x 20 reps x 4 sets
Hammer curl (day #27 biceps progression): 14kg x 15 reps x 3 sets
EZ bar curl: 28kg x 15 reps x 3 sets
L-sit chin-up: bodyweight x 10 reps x 3 sets
Resistance band tricep pull-down: red band (25kg) x 15 reps x 3 sets
Parallel bar tricep dip: bodyweight x 10 reps x 3 sets
Bench dip: bodyweight x 20 reps x 3 sets
DB decline bench press + push-up drop set: 24.5kg x 13 reps x 3 sets
DB 30deg bench press: 22.5kg x 8 reps x 3 sets
Deep squat stretch: 1m reps x 3 sets
`
`2024-03-30T18:47:44Z`	`WeightTraining`	`Weight training: biceps progression, back, shoulders`	`1.62H`	`0.0km`	`0m`	`Hammer curl (day #28 biceps progression): 14kg x 15 reps x 3 sets
EZ bar curl: 28kg x 15 reps x 3 sets
DB 30deg face-up curl: 12kg x 10 reps x 3 sets
Australian pull-up: bodyweight x 10 reps x 5 sets
Pull-up: bodyweight x 8 reps x 5 sets
DB row + seated resistance band row drop set: 22.5kg x 10 reps x 2 sets
Resistance band high pull: marine blue band (15kg) x 18 reps x 3 sets
Lateral raise + resistance band drop set: 10kg x 10 reps x 3 sets
Seated shoulder press: 12kg x 13 reps x 3 sets
`
`2024-03-31T10:30:18Z`	`WeightTraining`	`Weight training: legs`	`1.08H`	`0.0km`	`0m`	`Step machine: 10m reps x 3 sets
Squat: 40kg x 15 reps x 3 sets

Dolore al ginocchio sinistro da 16 giorni. √à migliorato durante la prima settimana, ma ora sembra non migliorare pi√π. Sono fermo con la corsa da allora, ma ho iniziato a fare un po' di step e squat per rinforzare quads e ginocchia.`
`2024-04-01T18:36:15Z`	`WeightTraining`	`Weight training: biceps progression, chest, triceps`	`2.12H`	`0.0km`	`0m`	`Step machine: 10m reps x 2 sets
Hammer curl (day #29 biceps progression): 14kg x 15 reps x 3 sets
EZ bar curl: 28kg x 15 reps x 3 sets
Resistance band chest fly: bands (25+15kg) x 20 reps x 3 sets
DB decline bench press + push-up drop set: 26.5kg x 10 reps x 3 sets
DB 30deg bench press: 22.5kg x 8 reps x 3 sets
DB tricep kickback: 10kg x 10 reps x 3 sets
Bench dip: bodyweight x 20 reps x 3 sets

Il ginocchio va meglio, almeno la mattina.`
`2024-04-03T17:57:12Z`	`WeightTraining`	`Weight training: biceps progression, back, legs`	`2.61H`	`0.0km`	`0m`	`Step machine: 10m reps x 3 sets
Hammer curl (day #30 biceps progression): 14kg x 15 reps x 3 sets
EZ bar curl: 28kg x 15 reps x 3 sets
L-sit chin-up: bodyweight x 10 reps x 3 sets
Australian pull-up: bodyweight x 10 reps x 3 sets
Pull-up: bodyweight x 8 reps x 5 sets
Seated leg lift: 30 reps x 3 sets
Squat: 40kg x 15 reps x 3 sets
Bulgarian split squat: bodyweight x 10 reps x 3 sets
Calf raise: bodyweight+12kg x 20 reps x 3 sets
`
`2024-04-04T19:15:12Z`	`WeightTraining`	`Weight training: legs`	`1.08H`	`0.0km`	`0m`	`Step machine: 10m reps x 3 sets
Bulgarian split squat: bodyweight x 20 reps x 3 sets
`
`2024-04-05T09:45:04Z`	`Ride`	`Morning Mountain Bike Ride`	`2.38H`	`24.6km`	`798.0m`	`None`
`2024-04-05T17:09:18Z`	`WeightTraining`	`Weight training: triceps, chest`	`0.74H`	`0.0km`	`0m`	`Resistance band tricep pull-down: red band (25kg) x 15 reps x 3 sets
Parallel bar tricep dip: bodyweight x 10 reps x 3 sets
Bench dip: bodyweight x 20 reps x 3 sets
Resistance band chest fly: bands (25+15kg) x 20 reps x 3 sets
DB decline bench press + push-up drop set: 22.5kg x 10 reps x 2 sets
DB 30deg bench press: 22.5kg x 8 reps x 2 sets
`
`2024-04-07T18:54:06Z`	`WeightTraining`	`Weight training: back progression, shoulders`	`1.63H`	`0.0km`	`0m`	`Australian pull-up: bodyweight x 10 reps x 7 sets
Pull-up (day #1 back progression): bodyweight x 8 reps x 7 sets
Resistance band lat pulldown: bands (25+15kg) x 20 reps x 3 sets
Resistance band high pull: marine blue band (15kg) x 15 reps x 3 sets
Lateral raise + resistance band drop set: 10kg x 10 reps x 3 sets
Seated shoulder press: 12kg x 13 reps x 3 sets
Seated leg lift: 30 reps x 2 sets
Calf raise: bodyweight+12kg x 20 reps x 2 sets
Knee extensions: bodyweight x 20 reps x 2 sets
`
`2024-04-08T18:13:29Z`	`WeightTraining`	`Weight training: back progression, chest, triceps, legs`	`2.61H`	`0.0km`	`0m`	`Step machine: 10m reps x 3 sets
Australian pull-up: bodyweight x 10 reps x 5 sets
Pull-up (day #2 back progression): bodyweight x 8 reps x 5 sets
Resistance band chest fly: bands (25+15kg) x 15 reps x 2 sets
DB decline bench press + push-up drop set: 26.5kg x 10 reps x 3 sets
DB 30deg bench press: 22.5kg x 8 reps x 3 sets
Resistance band tricep pull-down: red band (25kg) x 15 reps x 3 sets
EZ bar tricep superset: skull crusher above head + regular + close grip press: 20kg x 20 reps x 3 sets
EZ bar hack squat: 20kg x 15 reps x 3 sets
`
`2024-04-09T18:19:19Z`	`WeightTraining`	`Weight training: back progression, biceps, abs`	`1.62H`	`0.0km`	`0m`	`Australian pull-up: bodyweight x 10 reps x 5 sets
Pull-up (day #3 back progression): bodyweight x 8 reps x 5 sets
Resistance band lat pulldown: bands (25+15kg) x 15 reps x 3 sets
Hammer curl: 14kg x 15 reps x 3 sets
EZ bar curl: 28kg x 15 reps x 3 sets
DB 30deg face-up curl: 12kg x 10 reps x 3 sets
Resistance band crunch: black band (60kg) x 20 reps x 3 sets
Decline crunch: bodyweight+12kg x 10 reps x 3 sets
`
`2024-04-10T17:26:37Z`	`WeightTraining`	`Weight training: back progression, shoulders, legs`	`1.44H`	`0.0km`	`0m`	`Australian pull-up: bodyweight x 10 reps x 5 sets
Pull-up (day #4 back progression): bodyweight x 8 reps x 5 sets
Resistance band lat pulldown: bands (25+15kg) x 15 reps x 3 sets
Lateral raise + resistance band drop set: 10kg x 10 reps x 3 sets
Resistance band high pull: marine blue band (15kg) x 15 reps x 3 sets
Seated shoulder press: 12kg x 13 reps x 2 sets
EZ bar hack squat: 26kg x 15 reps x 3 sets
Squat: 40kg x 20 reps x 3 sets
Calf raise: bodyweight+12kg x 20 reps x 3 sets
`
`2024-04-11T19:25:21Z`	`WeightTraining`	`Weight training: legs`	`1.1H`	`0.0km`	`0m`	`Step machine: 10m reps x 3 sets
Knee extensions: bodyweight x 25 reps x 3 sets
Bulgarian split squat: bodyweight x 15 reps x 3 sets
`
`2024-04-12T10:00:53Z`	`Ride`	`Monterosso - Ranica - Nembro - Selvino - Salmezza - Miragolo San Salvatore - Zogno - Alm√® - Ponteranica`	`4.66H`	`62.4km`	`1275.0m`	`Bellissimo giro, con forti pendenze in brevi tratti, soprattutto da Selvino a Salmezza.

Ginocchio sinistro sempre dolente, ma gestibile in bici.`
`2024-04-13T18:21:22Z`	`WeightTraining`	`Weight training: back progression, triceps, chest, abs`	`2.0H`	`0.0km`	`0m`	`Australian pull-up: bodyweight x 13 reps x 5 sets
Pull-up (day #5 back progression): bodyweight x 8 reps x 5 sets
Resistance band lat pulldown: bands (25+15kg) x 15 reps x 3 sets
Overhead resistance band tricep extension: red band (25kg) x 20 reps x 3 sets
Parallel bar tricep dip: bodyweight x 10 reps x 3 sets
Bench dip: bodyweight x 20 reps x 3 sets
Resistance band chest fly: bands (25+15kg) x 15 reps x 3 sets
DB decline bench press + push-up drop set: 26.5kg x 10 reps x 3 sets
DB 30deg bench press: 22.5kg x 8 reps x 3 sets
Resistance band crunch: black band (60kg) x 20 reps x 3 sets
Decline crunch: bodyweight+12kg x 10 reps x 3 sets
`
